n,time,variables,clauses
5,0.017786999989766628,50,235
6,0.12853000001632608,72,408
7,1.099668600014411,98,651
8,10.590086199983489,128,976
9,113.19280109999818,162,1395
