n,time,variables,clauses
5,0.0183334999892395,50,235
6,0.14569040000787936,72,408
7,1.1810224000073504,98,651
8,11.312119999987772,128,976
9,121.82307829998899,162,1395
