n,time,variables,clauses
5,0.017076600022846833,50,235
6,0.132641500007594,72,408
7,1.159229199984111,98,651
8,10.895873400004348,128,976
9,114.15496760001406,162,1395
