n,time,variables,clauses
5,0.8179644999909215,250,6175
6,7.484453900018707,360,10680
7,71.32304079999449,490,16975
8,772.5151997999928,640,25360
