n,time,variables,clauses
5,0.8362931000010576,250,6175
6,7.494325900013791,360,10680
7,74.46633020002628,490,16975
8,816.0660714999831,640,25360
