n,time,variables,clauses
5,0.8161215000145603,250,6175
6,7.422350499982713,360,10680
7,72.3009471000114,490,16975
8,783.804474900011,640,25360
